СКЛАД;СКЛАД;;МФУ;"Samsung SCX 4623";140012092;Z2U1BFDB800273T;304140012092;Хранение;
СКЛАД;СКЛАД;;"Межсетевой экран";"cisco ASA 5505";130012702;JMX151640E8;303130012702;Ремонт;
СКЛАД;СКЛАД;;Ноутбук;"HP 630";130022939;5CB13800W7;303130022939;Хранение;
СКЛАД;СКЛАД;;Монитор;"BenQ Model Q7T4";130013109;ETL9701488SLO;303130013109;Ремонт;
СКЛАД;СКЛАД;;"Web камера";Logitech;;;30*2*01091;Хранение;
СКЛАД;СКЛАД;;"Межсетевой экран";"cisco ASA 5505";1300127701;JMX151640DL;303130012701;Хранение;
СКЛАД;СКЛАД;;Ноутбук;"HP 630";130015998;5CB119327L;303130015998;Хранение;
СКЛАД;СКЛАД;;Монитор;"HP L1706";124468;CNN6281LF9;30*1*00808;Списание;
СКЛАД;СКЛАД;;МФУ;"Xerox M20i";140004296;CNC50101K5;304140004296;Списание;
СКЛАД;СКЛАД;;"Системный блок";"HP dc7700";152876;CZC73541PB;30*1*01279;Ремонт;
СКЛАД;СКЛАД;;Коммутатор;"Cisco 2960";;;;Хранение;
СКЛАД;СКЛАД;;"Web камера";Logitech;;;30*2*01356;Хранение;
СКЛАД;СКЛАД;;"Системный блок";"HP dc7600";123119;CZC6343F57;30*1*00647;Списание;
СКЛАД;СКЛАД;;Монитор;"HP L1702";006785;CNT41971KJ;30*1*00161;Списание;
СКЛАД;СКЛАД;;МФУ;"Samsung SCX 4623";140008492;Z2U1BAAB201796;304140008492;Хранение;
СКЛАД;СКЛАД;;Ноутбук;"HP 630";130015933;5CB119326W;303130015933;Хранение;
СКЛАД;СКЛАД;;"Межсетевой экран";"cisco ASA 5505";130015349;;303130015349;Хранение;
СКЛАД;СКЛАД;;МФУ;"Samsung SCX 4623";140012093;Z2UIBFDB800101Z;304140012093;Хранение;
СКЛАД;СКЛАД;;"Web камера";Logitech;;;30*2*01563;Хранение;
СКЛАД;СКЛАД;;Ноутбук;"HP 630";130016035;5CB11932BC;303130016035;Хранение;
СКЛАД;СКЛАД;;"Межсетевой экран";"cisco ASA 5505";130015496;JMX1525418K;303130015496;Хранение;
СКЛАД;СКЛАД;;"3G роутер";Мегафон;;DQ6RAB1042400361;;Хранение;
СКЛАД;СКЛАД;;Монитор;?;130013293;;303130013293;Хранение;
СКЛАД;СКЛАД;;"Web камера";Logitech;;;;Хранение;
СКЛАД;СКЛАД;;МФУ;"Ricoh MP201";140010418;W3019207501;303140010418;Хранение;
СКЛАД;СКЛАД;;МФУ;"Ricoh MP201";140010417;W3019207408;303140010417;Хранение;
СКЛАД;СКЛАД;;Монитор;"HP LE1711";130019106;3CQ120B1M6;303130019106;Хранение;
СКЛАД;СКЛАД;;Монитор;"HP LE1711";130019107;3CQ109BRFN;303130019107;Хранение;
СКЛАД;СКЛАД;;Монитор;"HP LE1711";130019104;3CQ120B1N8;303130019104;Хранение;
СКЛАД;СКЛАД;;Монитор;"HP LE1711";130019105;CNC120QBNV;303130019105;Хранение;
СКЛАД;СКЛАД;;МФУ;"Samsung SCX 4623";140008059;Z2U1BFFB202645F;304140008059;Хранение;
СКЛАД;СКЛАД;;"Межсетевой экран";"cisco ASA 5505";1300115347;JMX152640G8;3031300115347;Хранение;
СКЛАД;СКЛАД;;"Системный блок";"HP dc7800";130007336;CZC8326FBB;30*1*01628;Списание;
СКЛАД;СКЛАД;;"Системный блок";"HP d530";100965;CZC42800L0;30*1*00176;Списание;
СКЛАД;СКЛАД;;"Системный блок";"HP dc7600";141392;CZC70925QN;30*1*01009;Списание;
СКЛАД;СКЛАД;;Монитор;"HP L1706";159201;CNT73100LB;30*1*01351;Списание;
СКЛАД;СКЛАД;;МФУ;"Samsung SCX-4220";140006220;9С66BFFZ800082K;30*1*01906;Списание;
СКЛАД;СКЛАД;;Монитор;"HP LE1711";130019189;3CQ119BNXX;303130019189;Хранение;
СКЛАД;СКЛАД;;Монитор;"HP LE1711";130019191;3CQ119BNX4;303130019191;Хранение;
СКЛАД;СКЛАД;;Монитор;"HP LE1711";130019190;3CQ119BNVT;303130019190;Хранение;
СКЛАД;СКЛАД;;Монитор;"HP LE1711";130019192;3CQ119BNXQ;303130019192;Хранение;
СКЛАД;СКЛАД;;МФУ;"Ricoh MP201";140010815;CNT63506VK;304140010815;Хранение;
СКЛАД;СКЛАД;;Коммутатор;"Cisco 2960";;;;Хранение;
СКЛАД;СКЛАД;;МФУ;"Ricoh MP201";140010814;;304140010814;Хранение;
СКЛАД;СКЛАД;;Ноутбук;"HP 630";130015917;5CB11932CV;303130015917;Хранение;
СКЛАД;СКЛАД;;"Межсетевой экран";"cisco ASA 5505";130015350;JMX1525406X;303130015350;Хранение;
СКЛАД;СКЛАД;;Монитор;"HP L1706";123258;cnt6251old;30*1*00743;Списание;
СКЛАД;СКЛАД;;"Web камера";Logitech;;;30*2*01382;Хранение;
СКЛАД;СКЛАД;;"Системный блок";"HP dc7700";152875;CZC7354SL5;30*1*01278;Списание;
СКЛАД;СКЛАД;;Принтер;"HP LJ 4350";156807;CNHXC94617;30*1*01289;Списание;
СКЛАД;СКЛАД;;МФУ;"Samsung SCX 4623";140008507;Z2U1BFFB203016V;304140008507;Ремонт;
СКЛАД;СКЛАД;;"Web камера";Logitech;;;30*2*01564;Хранение;
СКЛАД;СКЛАД;;"Системный блок";"HP dc7700";149874;CZC7252YB4;30*1*01131;Хранение;
СКЛАД;СКЛАД;;"Системный блок";"HP dc7700";149877;CZC7252Y7X;30*1*01134;Списание;
СКЛАД;СКЛАД;;Принтер;"HP LJ 4350";150057;CNHXC94120;30*1*01149;Списание;
СКЛАД;СКЛАД;;Коммутатор;"Cisco 2960";139558;FCZ110770QH;30*1*01152;Хранение;
СКЛАД;СКЛАД;;МФУ;"Samsung SCX 4623";140008286;Z2U1BAAB202034R;304140008286;Хранение;
СКЛАД;СКЛАД;;МФУ;"Samsung SCX 5315F";141380;8D66BCL900054E;30*1*00997;Списание;
СКЛАД;СКЛАД;;"Web камера";Logitech;;;30*2*01011;Хранение;
СКЛАД;СКЛАД;;"Системный блок";"HP dc7600";141388;CZC70927FL;30*1*01005;Списание;
СКЛАД;СКЛАД;;Принтер;"HP LJ 4350";130004068;CNHXS29670;30*1*01644;Списание;
СКЛАД;СКЛАД;;"Системный блок";"HP dc7600";130005107;CZC735518H;30*1*01704;Хранение;
СКЛАД;СКЛАД;;"Системный блок";"HP dc7600";130005108;CZC735519J;30*1*01703;Списание;
СКЛАД;СКЛАД;;"Системный блок";"HP dc7600";130005109;CZC7483V2R;30*1*01702;Списание;
СКЛАД;СКЛАД;;Принтер;"HP LJ 4350";156808;CNHXC94621;30*1*01290;Списание;
СКЛАД;СКЛАД;;МФУ;"Ricoh MP201";140006908;W3018503372;304140006908;Ремонт;
СКЛАД;СКЛАД;;Ноутбук;"HP 4520";130013543;2CE1170C3W;303130013543;Хранение;
СКЛАД;СКЛАД;;"Web камера";Logitech;;;30*2*01560;Хранение;
СКЛАД;СКЛАД;;"Межсетевой экран";"cisco ASA 5505";130018541;JMX1525Z16Q;303130018541;Хранение;
СКЛАД;СКЛАД;;МФУ;"Ricoh MP201";140008814;W3018700802;304140008814;Хранение;
СКЛАД;СКЛАД;;Монитор;"HP LE1711";130014102;3CQ117B715;303130014102;Хранение;
СКЛАД;СКЛАД;;Монитор;"HP LE1711";130014100;CNC104Q66R;303130014100;Хранение;
СКЛАД;СКЛАД;;Маршрутизатор;"cisco 891";130014376;FCZ151390Y7;303130014376;Хранение;
СКЛАД;СКЛАД;;"Системный блок";"HP dc7600";123118;CZC6343DZZ;30*1*00646;Списание;
СКЛАД;СКЛАД;;МФУ;"Samsung SCX 4623";140008495;Z2U1BAAB201804T;304140008495;Хранение;
СКЛАД;СКЛАД;;"Системный блок";"HP dc7700";163279;HUB7411HWR;30*1*01505;Хранение;
СКЛАД;СКЛАД;;"Системный блок";"HP dc7600";119238;HUB6320HRS;30*1*00478;Списание;
СКЛАД;СКЛАД;;"Системный блок";"HP dc7700";158469;CZC73541KX;30*1*01767;Списание;
СКЛАД;СКЛАД;;МФУ;"Xerox 4118";140002592;3841637061;304140002592;Списание;
СКЛАД;СКЛАД;;"Системный блок";"HP dc7700";163275;HUB7411HR5;30*1*01501;Списание;
СКЛАД;СКЛАД;;Принтер;"HP 1018";121842;VNC3P17805;05*1*00670;Списание;
СКЛАД;СКЛАД;;"Системный блок";"HP dc7700";158466;CZC73541N0;30*1*01764;Хранение;
СКЛАД;СКЛАД;;Принтер;"HP LJ 4350";150058;CNHXN35185;30*1*01150;Списание;
СКЛАД;СКЛАД;;Принтер;"HP LJ 4350";142806;CNHXN10058;30*1*01060;Списание;
СКЛАД;СКЛАД;;МФУ;"Ricoh 1515";136822;K2169006071;30*1*01042;Списание;
СКЛАД;СКЛАД;;"Системный блок";"HP dc7700";130005336;CZC735519B;30*1*01750;Хранение;
СКЛАД;СКЛАД;;МФУ;"Xerox M20i";140002201;3835400548;30*1*01640;Ремонт;
СКЛАД;СКЛАД;;Монитор;"HP L1706";130005031;CNT7310835;30*1*01735;Списание;
СКЛАД;СКЛАД;;Принтер;"HP LJ P3005n";130004117;CNK2P250556;303130004117;Списание;
СКЛАД;СКЛАД;;Монитор;"HP 1502";005043;CNC3510H2H;30*1*00068;Списание;
СКЛАД;СКЛАД;;МФУ;"Samsung SCX-4220";140006632;9C66BFAZ803508X;304140006632;Списание;
СКЛАД;СКЛАД;;МФУ;"Xerox 4118";132488;3567610780;30*1*00878;Списание;
СКЛАД;СКЛАД;;МФУ;"Ricoh MP201";140013739;CNC5051WY9;304140013739;Хранение;
СКЛАД;СКЛАД;;Монитор;"Samsung E 1720";130025779;CNT4257177;303130025779;Хранение;
СКЛАД;СКЛАД;;Монитор;"Samsung E 1720";130025778;CNC4241P3L;303130025778;Хранение;
СКЛАД;СКЛАД;;Маршрутизатор;"cisco 891";130018799;Z1532C34W;303130018799;Хранение;
СКЛАД;СКЛАД;;МФУ;"Ricoh MP201";140013738;;304140013738;Хранение;
СКЛАД;СКЛАД;;Монитор;"Samsung E 1720";130025027;0511HLSB900514D;303130025027;Хранение;
СКЛАД;СКЛАД;;Монитор;"Samsung E 1720";130025028;0511HLSB900691M;303130025028;Хранение;
СКЛАД;СКЛАД;;Монитор;"Samsung E 1720";;0511HLSB900507H;303130025029;Хранение;
СКЛАД;СКЛАД;;МФУ;"Ricoh MP201";140013784;W3019413843;304140013784;Хранение;
СКЛАД;СКЛАД;;Маршрутизатор;"cisco 891";130018758;FCZ152495UJ;303130018758;Хранение;
СКЛАД;СКЛАД;;МФУ;"Ricoh MP201";140010915;W3019303216;304140010915;Хранение;
СКЛАД;СКЛАД;;МФУ;"Ricoh MP201";140010918;W3019303219;304140010918;Ремонт;
СКЛАД;СКЛАД;;Монитор;"HP LE1711";130019946;CNC120Q9HC;303130019946;Хранение;
СКЛАД;СКЛАД;;Маршрутизатор;"cisco 891";130018714;FCZ152495U5;303130018714;Хранение;
СКЛАД;СКЛАД;;"Web камера";Logitech;;;30*2*01072;Хранение;
СКЛАД;СКЛАД;;МФУ;"Samsung SCX 4623";140007682;Z2U1BFFB202638V;304140007682;Хранение;
СКЛАД;СКЛАД;;"Web камера";Logitech;;;30*2*01477;Хранение;
СКЛАД;СКЛАД;;Ноутбук;"HP 630";130015916;5CB1193285;303130015916;Хранение;
СКЛАД;СКЛАД;;"Межсетевой экран";"cisco ASA 5505";;JMX143840K0;;Хранение;
СКЛАД;СКЛАД;;"Web камера";Logitech;;;30*2*01474;Хранение;
СКЛАД;СКЛАД;;"Межсетевой экран";"cisco ASA 5505";130012131;JMX1516Z0D4;303130012131;Хранение;
СКЛАД;СКЛАД;;"Web камера";Logitech;;;30*2*012??;Хранение;
СКЛАД;СКЛАД;;МФУ;"Samsung SCX 4623";140008501;Z2Y1BAAB201800M;304140008501;Хранение;
СКЛАД;СКЛАД;;"Межсетевой экран";"cisco ASA 5505";130015370;1MK1526ZOC3;303130015370;Хранение;
СКЛАД;СКЛАД;;"3G роутер";Мегафон;;DQ6RAB1042401394;;Хранение;
СКЛАД;СКЛАД;;"Web камера";Logitech;;;30*2*01487;Хранение;
СКЛАД;СКЛАД;;Ноутбук;"HP 4520";130014443;2CE12201VC;303130014443;Хранение;
СКЛАД;СКЛАД;;"Системный блок";"HP dc7700";163266;HUB7411HXG;30*1*01492;Ремонт;
СКЛАД;СКЛАД;;"Web камера";Logitech;;;30*2*01099;Хранение;
СКЛАД;СКЛАД;;"Системный блок";"HP dc7700";159819;CZC73541DX;30*1*01329;Ремонт;
СКЛАД;СКЛАД;;"Web камера";Logitech;;;30*2*01162;Хранение;
СКЛАД;СКЛАД;;МФУ;"Samsung SCX 4623";140008494;Z2U1BAAB201814W;304140008494;Хранение;
СКЛАД;СКЛАД;;Концентратор;3COM;;9XUQ7C000345A;;Хранение;
СКЛАД;СКЛАД;;"Межсетевой экран";"cisco ASA 5505";130015351;JMX1526Z0BM;303130015351;Хранение;
СКЛАД;СКЛАД;;"Web камера";Logitech;;;30*2*01454;Хранение;
СКЛАД;СКЛАД;;МФУ;"Xerox 4118";132496;3567607673;30*1*00886;Списание;
СКЛАД;СКЛАД;;Монитор;"HP L1706";123236;CNN6281K7V;30*1*00721;Списание;
СКЛАД;СКЛАД;;"Системный блок";"HP dc7700";159827;CZC73541JS;30*1*01337;Списание;
СКЛАД;СКЛАД;;Монитор;"HP L1702";100480;CNC42214CM;30*1*00110;Списание;
СКЛАД;СКЛАД;;МФУ;"Samsung SCX 4623";140008491;Z2U1BAAB201803L;304140008491;Хранение;
СКЛАД;СКЛАД;;Ноутбук;"HP 630";130020424;5CB13611FT;303130020424;Хранение;
СКЛАД;СКЛАД;;"Web камера";Logitech;;;30*2*01557;Хранение;
СКЛАД;СКЛАД;;"Межсетевой экран";"cisco ASA 5505";130015458;JMX1525Z16K;303130015458;Хранение;
СКЛАД;СКЛАД;;Ноутбук;"HP 4520";130013507;2CE1170C3L;303130013507;Ремонт;
СКЛАД;СКЛАД;;"Web камера";Logitech;;;30*2*01754;Хранение;
СКЛАД;СКЛАД;;"Межсетевой экран";"cisco ASA 5505";130012700;GMX151640EB;303130012700;Хранение;
СКЛАД;СКЛАД;;"Межсетевой экран";"cisco ASA 5505";130012591;JMX151640R7;303130012591;Хранение;
СКЛАД;СКЛАД;;"Web камера";Logitech;;;30*2*01114;Хранение;
СКЛАД;СКЛАД;;"Web камера";Logitech;;;30*2*01190;Хранение;
СКЛАД;СКЛАД;;Концентратор;3COM;;9XUQ7C00033B1;30*2*01310;Хранение;
СКЛАД;СКЛАД;;Нетбук;HP3100;130012337;CNC0492T0B;303130012337;Ремонт;
СКЛАД;СКЛАД;;МФУ;"Ricoh MP201";140010429;W3019207002;304140010429;Ремонт;
СКЛАД;СКЛАД;;Монитор;"HP LE1711";130019052;3CQ126BKB3;303130019052;Хранение;
СКЛАД;СКЛАД;;Монитор;"HP LE1711";130019043;3CQ127BKBX;303130019043;Хранение;
СКЛАД;СКЛАД;;МФУ;"Ricoh MP201";140010439;W3019206992;304140010439;Хранение;
СКЛАД;СКЛАД;;МФУ;"Ricoh MP201";140010440;W3019207005;304140010440;Хранение;
СКЛАД;СКЛАД;;Монитор;"HP LE1711";130019054;3CQ126BKBH;303130019054;Хранение;
СКЛАД;СКЛАД;;Монитор;"HP LE1711";130019042;3CQ126BKBG;303130019042;Хранение;
СКЛАД;СКЛАД;;Монитор;"HP LE1711";130019053;3CQ126BKBK;303130019053;Хранение;
СКЛАД;СКЛАД;;Коммутатор;"Cisco 2960";130018466;FCQ1524Z2RM;303130018466;Хранение;
СКЛАД;СКЛАД;;Монитор;"Samsung E 1720";130024892;0511HLSB900677Х;303130024892;Хранение;
СКЛАД;СКЛАД;;Монитор;"Samsung E 1720";130024887;0511HLSB900754X;303130024887;Хранение;
СКЛАД;СКЛАД;;Монитор;"Samsung E 1720";130024889;0511HLSB900556W;303130024889;Хранение;
СКЛАД;СКЛАД;;Монитор;"Samsung E 1720";130024891;0511HLSB900619N;303130024891;Хранение;
СКЛАД;СКЛАД;;Монитор;"Samsung E 1720";130024893;0511HLSB900795W;303130024893;Хранение;
СКЛАД;СКЛАД;;Монитор;"Samsung E 1720";130024890;0511HLSB900766D;303130024890;Хранение;
СКЛАД;СКЛАД;;МФУ;"Ricoh MP201";140013645;W3019507186;304140013645;Хранение;
СКЛАД;СКЛАД;;МФУ;"Ricoh MP201";140013643;W3019413686;304140013643;Хранение;
СКЛАД;СКЛАД;;МФУ;"Ricoh MP201";140013644;W3019507569;304140013644;Хранение;
СКЛАД;СКЛАД;;Коммутатор;"Cisco 2960";130018155;FCQ1524Z2PK;303130018155;Хранение;
СКЛАД;СКЛАД;;"Системный блок";"HP dc7600";119231;HUB62716SM;30*1*00471;Хранение;
СКЛАД;СКЛАД;;МФУ;"Samsung SCX-4220";140006208;;30*1*01894;Списание;
СКЛАД;СКЛАД;;Монитор;"Samsung E 1720";130023585;0511HLPB901010M;303130023585;Хранение;
СКЛАД;СКЛАД;;Монитор;"Samsung E 1720";130023593;0511HLPB901048J;303130023593;Хранение;
СКЛАД;СКЛАД;;МФУ;"Ricoh MP201";140012360;W3019317040;304140012360;Хранение;
СКЛАД;СКЛАД;;МФУ;"Ricoh MP201";140012362;W3019317559;304140012362;Хранение;
СКЛАД;СКЛАД;;Монитор;"Samsung E 1720";130023592;0511HLPB901294X;303130023592;Хранение;
СКЛАД;СКЛАД;;МФУ;"Ricoh MP201";140012361;W3019317977;304140012361;Хранение;
СКЛАД;СКЛАД;;Монитор;"Samsung E 1720";130023591;0511HLPB901247D;303130023591;Хранение;
СКЛАД;СКЛАД;;Коммутатор;"Cisco 2960";;;;Хранение;
СКЛАД;СКЛАД;;"Web камера";Logitech;;;30*2*01369;Хранение;
СКЛАД;СКЛАД;;"Системный блок";"HP dc7600";125651;HUB6381924;30*1*00828;Списание;
СКЛАД;СКЛАД;;"Системный блок";"HP dc7600";123160;CZC6341HF5;30*1*00688;Списание;
СКЛАД;СКЛАД;;"Web камера";Logitech;;;30*2*01476;Хранение;
СКЛАД;СКЛАД;;Монитор;"HP L1706";141397;CNT64408V9;30*1*01014;Списание;
СКЛАД;СКЛАД;;Монитор;"HP L1706";109037;CNT534249J;30*1*00396;Списание;
СКЛАД;СКЛАД;;"Системный блок";"HP dc7600";123135;CZC6343F3C;30*1*00653;Списание;
СКЛАД;СКЛАД;;Монитор;"HP L1706";135968;CNC638RY75;30*1*00928;Списание;
СКЛАД;СКЛАД;;"Web камера";Logitech;;;30*2*01077;Хранение;
СКЛАД;СКЛАД;;"Web камера";Logitech;;;30*2*01075;Хранение;
СКЛАД;СКЛАД;;Монитор;"HP L1706";123237;CNN6281K7T;30*1*00722;Пользователь;
СКЛАД;СКЛАД;;"Web камера";Logitech;;;30*2*01161;Хранение;
СКЛАД;СКЛАД;;"Web камера";Logitech;;;30*2*01395;Хранение;
СКЛАД;СКЛАД;;"Web камера";Logitech;;;;Хранение;
СКЛАД;СКЛАД;;Монитор;"HP LE1711";130016226;3CQ116B7LP;303130016226;Хранение;
СКЛАД;СКЛАД;;МФУ;"Samsung SCX 4623";140007659;Z2U1BAAB200740N;304140007659;Хранение;
СКЛАД;СКЛАД;;"Web камера";Logitech;;;30*2*01558;Хранение;
СКЛАД;СКЛАД;;"Системный блок";"HP dc7600";159817;CZC73541J8;30*1*01327;Списание;
СКЛАД;СКЛАД;;Ноутбук;"HP 630";130015918;5CB1193298;303130015918;Ремонт;
СКЛАД;СКЛАД;;"Межсетевой экран";"cisco ASA 5505";130012556;JMX1516Z0CG;303130012556;Хранение;
СКЛАД;СКЛАД;;"Web камера";Logitech;;;30*2*01360;Хранение;
СКЛАД;СКЛАД;;"Системный блок";"HP dc7600";125647;HUB638193B;30*1*00824;Списание;
СКЛАД;СКЛАД;;"Web камера";Logitech;;;30*2*01713;Хранение;
СКЛАД;СКЛАД;;"Системный блок";"HP dc7600";119235;HUB6320HSV;30*1*00475;Списание;
СКЛАД;СКЛАД;;Монитор;"HP L1706";141402;R6EQ6B0035722;30*1*01019;Списание;
СКЛАД;СКЛАД;;"Web камера";Logitech;;;30*2*01088;Хранение;
СКЛАД;СКЛАД;;"Системный блок";"HP dc7600";124361;CZC64126F9;30*1*00794;Списание;
СКЛАД;СКЛАД;;Монитор;"HP LE1711";130016208;3CQ117B6CQ;303130016208;Хранение;
СКЛАД;СКЛАД;;Монитор;"Samsung E 1720";130021917;0511HLPB902829;303130021917;Хранение;
СКЛАД;СКЛАД;;Монитор;"Samsung E 1720";130021921;0511HLPB900314;303130021921;Хранение;
СКЛАД;СКЛАД;;Монитор;"Samsung E 1720";130021920;0511HLPB902827;303130021920;Хранение;
СКЛАД;СКЛАД;;Маршрутизатор;"cisco 2800";130004535;FCZ121072W2;303130004535;Хранение;
СКЛАД;СКЛАД;;Коммутатор;"Cisco 2960";130018515;FCQ1524Z2P7;303130018515;Хранение;
СКЛАД;СКЛАД;;"Межсетевой экран";"cisco ASA 5505";;ALD152402UX;;Хранение;
СКЛАД;СКЛАД;;Ноутбук;"HP 630";130022923;5CB13800V0;303130022923;Хранение;
СКЛАД;СКЛАД;;Ноутбук;"HP 630";130022925;5CB13800WX;303130022925;Хранение;
СКЛАД;СКЛАД;;Ноутбук;"Sony VPC";130014049;5006043;303130014049;Хранение;
СКЛАД;СКЛАД;;Монитор;"HP L1710";130009948;3CQ82827Q0;303130009948;Ремонт;
СКЛАД;СКЛАД;;"Системный блок";"HP dc7600";125645;HUB638190K;30*1*00822;Списание;
СКЛАД;СКЛАД;;Ноутбук;"HP 4520";130014475;2CE1170C3Q;303130014475;Хранение;
СКЛАД;СКЛАД;;"Системный блок";"HP dc7600";124363;CZC64126MJ;30*1*00796;Списание;
СКЛАД;СКЛАД;;"Системный блок";"HP dc7700";130011095;CZC7483V40;303130011095;Списание;
СКЛАД;СКЛАД;;Монитор;"HP LE1711";130016234;3CQ117B5PB;303130016234;Хранение;
СКЛАД;СКЛАД;;Нетбук;HP3100;130012338;CNC0492TBK;303130012338;Хранение;
СКЛАД;СКЛАД;;Монитор;"HP L1706";123256;CNN6281K7B;30*1*00741;Списание;
СКЛАД;СКЛАД;;"Системный блок";"HP 4000";130016454;RUA12901C3;303130016454;Хранение;
СКЛАД;СКЛАД;;Монитор;"HP L1706";109032;CNT53424GL;30*1*00131;Списание;
СКЛАД;СКЛАД;;"Системный блок";"HP dc7700";166209;CZC8292X6R;30300166209;Списание;
СКЛАД;СКЛАД;;"Системный блок";"HP dc7700";166193;CZC829175Z;30300166193;Списание;
СКЛАД;СКЛАД;;Монитор;"HP L1702";006214;CNT4130K5X;30*1*00280;Списание;
СКЛАД;СКЛАД;;Монитор;"HP L1706";124467;CNN6281K7Q;30*1*00807;Списание;
СКЛАД;СКЛАД;;Монитор;"HP L1706";123249;CNN6281KC3;30*1*00734;Списание;
СКЛАД;СКЛАД;;"Системный блок";"HP dc7700";166206;CZC829177G;30300166206;Хранение;
СКЛАД;СКЛАД;;"Системный блок";"HP dc7700";159816;CZC73541LM;30*1*01326;Списание;
СКЛАД;СКЛАД;;Принтер;"HP LJ 4300 ";005628;CNHY512740;30*1*00086;Списание;
СКЛАД;СКЛАД;;Ноутбук;"HP 4320s i3-370m";130012197;CNF0415989;303130012197;Хранение;
СКЛАД;СКЛАД;;Ноутбук;"hp 6720s Ce1531";166286;CNU7462NZJ;30*1*01581;Хранение;
СКЛАД;СКЛАД;;Ноутбук;"HP 4320s i3-370m";130012198;CNF041597R;303130012198;Ремонт;
СКЛАД;СКЛАД;;МФУ;"Ricoh MP201";140010436;;304140010436;Хранение;
СКЛАД;СКЛАД;;Монитор;"HP LE1711";130016215;3CQ116B69N;303130016215;Хранение;
СКЛАД;СКЛАД;;"Системный блок";"HP dc7600";135851;CZC6514778;30*1*00921;Списание;
СКЛАД;СКЛАД;;Ноутбук;"Lenovo ThinkPad ";130027420;"LR-4DW4X ";303130027420;Хранение;
СКЛАД;СКЛАД;;МФУ;"Ricoh MP201";140007010;W3018702433;304140007010;Хранение;
СКЛАД;СКЛАД;;Монитор;"HP L1710";130009938;3CQ82827PR;303130009938;Хранение;
СКЛАД;СКЛАД;;МФУ;"Ricoh 1515";111062;K2159004748;30*1*00384;Списание;
СКЛАД;СКЛАД;;Нетбук;HP3100;130012341;CNC0492T6X;303130012341;Хранение;
СКЛАД;СКЛАД;;Монитор;"HP L1706";109033;CNK53605MP;30*1*00395;Списание;
СКЛАД;СКЛАД;;Нетбук;HP3100;130012334;CNC0492T0P;303130012334;Хранение;
СКЛАД;СКЛАД;;"Системный блок";"HP 4000";130016463;RUA12901VH;303130016463;Хранение;
СКЛАД;СКЛАД;;Монитор;"HP L1706";159200;CNT73100LK;30*1*01350;Списание;
СКЛАД;СКЛАД;;Монитор;"HP L1710";130010829;CNW823NNW3;303130010829;Хранение;
СКЛАД;СКЛАД;;"Системный блок";"HP dc7700";130010415;CZC7483V4P;3031300010415;Хранение;
СКЛАД;СКЛАД;;Монитор;"HP L1706";119289;CNT61000JX;30*1*00493;Списание;
СКЛАД;СКЛАД;;Монитор;"HP L1706";123277;CNT62510MP;30*1*00762;Списание;
СКЛАД;СКЛАД;;Монитор;"HP L1706";123274;CNN6281K78;30*1*00759;Списание;
СКЛАД;СКЛАД;;Монитор;"Samsung E 1720";130025558;0511HLPBA06961H;303130025558;Хранение;
СКЛАД;СКЛАД;;МФУ;"Ricoh MP201";140013697;W3019510065;304140013697;Хранение;
СКЛАД;СКЛАД;;Монитор;"Samsung E 1720";130025559;0511HLPBA07012M;303130025559;Хранение;
СКЛАД;СКЛАД;;МФУ;"Samsung SCX 4623";140013330;Z2U1BFDB900144E;304140013330;Хранение;
СКЛАД;СКЛАД;;МФУ;"Samsung SCX 4623";140013333;Z2U1BADB900006X;304140013333;Хранение;
СКЛАД;СКЛАД;;Монитор;"HP LE1711";130016225;3CQ116B6MV;303130016225;Хранение;
СКЛАД;СКЛАД;;МФУ;"Ricoh MP201";140013708;;304140013708;Хранение;
СКЛАД;СКЛАД;;Монитор;"Samsung E 1720";130023412;0511HLNB801291;303130023412;Хранение;
СКЛАД;СКЛАД;;МФУ;"Ricoh MP201";140013707;W3019507157;304140013707;Хранение;
СКЛАД;СКЛАД;;"Системный блок";"HP 4000";130024010;RUA137060C;303130024010;Хранение;
СКЛАД;СКЛАД;;Монитор;"Samsung E 1720";130023411;0511HLNB801267;303130023411;Хранение;
СКЛАД;СКЛАД;;Монитор;"Samsung E 1720";130021557;0511HLNB901682;303130022557;Хранение;
СКЛАД;СКЛАД;;Монитор;"Samsung E 1720";130025764;0511HLPBA05980;303130025764;Хранение;
СКЛАД;СКЛАД;;Монитор;"Samsung E 1720";130025770;0511HLPBA0486;303130025770;Хранение;
СКЛАД;СКЛАД;;Монитор;"Samsung E 1720";130025771;0511HLPBA06050;303130025771;Хранение;
СКЛАД;СКЛАД;;Монитор;"Samsung E 1720";130025772;0511HLPBA07116;303130025772;Хранение;
СКЛАД;СКЛАД;;МФУ;"Ricoh MP201";140014341;W3019400195;304140014341;Хранение;
СКЛАД;СКЛАД;;Монитор;"Samsung E 1720";130021558;0511HLPB901582;303130021558;Хранение;
СКЛАД;СКЛАД;;Монитор;"Samsung E 1720";130021561;0511HLPB901484;303130021561;Хранение;
СКЛАД;СКЛАД;;Монитор;"Samsung E 1720";130021556;0155HLNB803083;303130021556;Хранение;
СКЛАД;СКЛАД;;Монитор;"Samsung E 1720";130021560;0155HLNB803358;303130021560;Хранение;
СКЛАД;СКЛАД;;МФУ;"Samsung SCX 4623";140013083;Z2U1BADB900148;304140013083;Хранение;
СКЛАД;СКЛАД;;"Системный блок";"HP 4000";130024009;RUA137062H;303130024009;Хранение;
СКЛАД;СКЛАД;;МФУ;"Xerox 4118";132483;3567610798;30*1*00873;Списание;
СКЛАД;СКЛАД;;"Системный блок";"HP 4000";130022586;RUA141083Y;303130022586;Хранение;
СКЛАД;СКЛАД;;"Системный блок";"HP 4000";130022588;RUA14107YP;303130022588;Хранение;
СКЛАД;СКЛАД;;Монитор;"HP L1706";123229;CNN6281MVC;30*1*00714;Списание;
СКЛАД;СКЛАД;;Монитор;"HP L1706";163482;CNT73805DR;30*1*01538;Списание;
СКЛАД;СКЛАД;;Монитор;"HP L1706";141396;CNT64408XW;30*1*01013;Списание;
СКЛАД;СКЛАД;;"Системный блок";"HP dc7600";141389;CZC70925R0;30*1*01006;Списание;
СКЛАД;СКЛАД;;"Системный блок";"HP dc7600";124362;CZC64126M6;30*1*00795;Списание;
СКЛАД;СКЛАД;;МФУ;"Samsung SCX 4623";140013374;Z2TVBFDB901499D;304140013374;Хранение;
СКЛАД;СКЛАД;;Монитор;"HP L1710";130009943;3CQ82827Q2;303130009943;Хранение;
СКЛАД;СКЛАД;;"Системный блок";"HP dc7600";142739;CZC6471RKT;30*1*01046;Списание;
СКЛАД;СКЛАД;;Монитор;"HP L1702";;CNT63506TL;;Списание;
СКЛАД;СКЛАД;;Монитор;"HP L1706";119293;CNT61000JJ;30*1*00497;Списание;
СКЛАД;СКЛАД;;"Системный блок";"HP dc7600";142737;CZC6471RKL;30*1*01044;Списание;
СКЛАД;СКЛАД;;Монитор;"HP L1706";;CN6251064;;Списание;
СКЛАД;СКЛАД;;"Системный блок";"HP dc7600";123151;CZC6343F58;30*1*00679;Списание;
СКЛАД;СКЛАД;;"Системный блок";"HP dc7600";;;;Списание;
СКЛАД;СКЛАД;;МФУ;"Ricoh MP201";140012363;W3019317318;304140012363;Ремонт;
СКЛАД;СКЛАД;;МФУ;"Ricoh MP201";140016917;W3019303155;304140016917;Ремонт;
СКЛАД;СКЛАД;;"Межсетевой экран";"cisco ASA 5505";130012698;JMX1516Z0D1;303130012698;Хранение;
СКЛАД;СКЛАД;;"Межсетевой экран";"cisco ASA 5505";130018585;JMX1526708N;303130018585;Хранение;
СКЛАД;СКЛАД;;Коммутатор;"Cisco 2960";130011971;FCQ1523Z37V;303130011971;Хранение;
СКЛАД;СКЛАД;;Нетбук;HP3100;130012339;CNC0492X8Y;303130012339;Хранение;
СКЛАД;СКЛАД;;"3G роутер";Билайн;;CNT62510RB;;Хранение;
СКЛАД;СКЛАД;;Ноутбук;"HP 4520";130014441;2СE117099D;303130014441;Хранение;
СКЛАД;СКЛАД;;"Межсетевой экран";"cisco ASA 5505";130012699;;303130012699;Хранение;
СКЛАД;СКЛАД;;Ноутбук;"HP 630";130015915;5CB119326D;303130015915;Хранение;
СКЛАД;СКЛАД;;Монитор;"HP L1706";123276;CNT62510LX;30*1*00761;Списание;
СКЛАД;СКЛАД;;Монитор;"HP L1702";006781;CNC42112T4;30*1*00157;Списание;
СКЛАД;СКЛАД;;МФУ;"Xerox 4118";132462;3567576336;30*1*00853;Списание;
СКЛАД;СКЛАД;;Маршрутизатор;"cisco 2801";130017626;FCZ1525C328;303130017626;Хранение;
СКЛАД;СКЛАД;;Коммутатор;"Cisco 2960";130018328;FCQ1523Y32H;303130018328;Хранение;
СКЛАД;СКЛАД;;ИБП;SUA1500;130025188;AS1133230239;303130025188;Хранение;
СКЛАД;СКЛАД;;Ноутбук;"HP 630";130033089;5CB21651ZB;303130033089;Хранение;
СКЛАД;СКЛАД;;Нетбук;HP3100;130012336;CNC0492THR;303130012336;Хранение;
СКЛАД;СКЛАД;;"Системный блок";"HP dc7700";163272;HUB7411HV8;30*1*01498;Ремонт;
СКЛАД;СКЛАД;;Ноутбук;"HP 630";130033183;5CB2140J04;303130033183;Списание;
СКЛАД;СКЛАД;;МФУ;"Samsung SCX 4623";140013085;;304140013085;Хранение;
СКЛАД;СКЛАД;;МФУ;"Samsung SCX 4623";140013091;Z2U1BFDB900464J;304140013091;Хранение;
СКЛАД;СКЛАД;;Ноутбук;"HP 630";130025926;5CB1203V2V;303130025926;Хранение;
СКЛАД;СКЛАД;;Ноутбук;"HP 630";130033088;5CB216521C;303130033088;Хранение;
СКЛАД;СКЛАД;;Ноутбук;"HP 650";130035885;5CB228083M;303130035885;Хранение;
СКЛАД;СКЛАД;;Ноутбук;"HP 650";130035875;5CB228085T;303130035875;Хранение;
СКЛАД;СКЛАД;;Ноутбук;"HP 650";130035884;5CB2280848;303130035884;Хранение;
СКЛАД;СКЛАД;;МФУ;"Samsung SCX 4623";140013084;Z2U1BADB900150Z;304140013084;Хранение;
СКЛАД;СКЛАД;;Ноутбук;"HP 650";130035871;5CB228085N;303130035871;Хранение;
СКЛАД;СКЛАД;;Ноутбук;"HP 650";130035882;5CB2280870;303130035882;Хранение;
СКЛАД;СКЛАД;;"Межсетевой экран";"cisco ASA 5505";;JMX143840HC;;Хранение;
СКЛАД;СКЛАД;;Ноутбук;"HP 650";130035873;5CB228085X;303130035873;Хранение;
СКЛАД;СКЛАД;;Ноутбук;"HP 650";130035887;5CB228085R;303130035887;Хранение;
СКЛАД;СКЛАД;;Ноутбук;"HP 650";130035876;5CB228086X;303130035876;Хранение;
СКЛАД;СКЛАД;;"Системный блок";"HP dc7600";108942;CZC5432KTY;30*1*00390;Списание;
СКЛАД;СКЛАД;;Ноутбук;"HP 650";130035883;5CB228084D;303130035883;Хранение;
СКЛАД;СКЛАД;;Маршрутизатор;"cisco 891";130018760;FCZ152495UQ;303130018760;Хранение;
СКЛАД;СКЛАД;;"Web камера";Logitech;;;30*2*01722;Хранение;
СКЛАД;СКЛАД;;"Web камера";Logitech;;;30*2*01481;Хранение;
СКЛАД;СКЛАД;;"Web камера";Logitech;;;30*2*01479;Хранение;
СКЛАД;СКЛАД;;"Web камера";Logitech;;;30*2*01719;Хранение;
СКЛАД;СКЛАД;;"Web камера";Logitech;;;30*2*01182;Хранение;
СКЛАД;СКЛАД;;"Web камера";Logitech;;;30*2*01052;Хранение;
СКЛАД;СКЛАД;;МФУ;"Ricoh 3400";140019858;S6819600594;304140019858;Ремонт;
СКЛАД;СКЛАД;;Коммутатор;"Cisco 2960";;FCQ1615Y24J;;Хранение;
СКЛАД;СКЛАД;;АТС;"OfficeServ 7070";140020296;S2JC419069W;304140020296;Хранение;
СКЛАД;СКЛАД;;Монитор;"Samsung E 1720";130030438;0511HLC402058Y;303130030438;Хранение;
СКЛАД;СКЛАД;;Монитор;"Samsung E 1720";130030436;0511HLC402071E;303130030436;Хранение;
СКЛАД;СКЛАД;;Монитор;"Samsung E 1720";130030437;0511HLC400723R;303130030437;Хранение;
СКЛАД;СКЛАД;;Маршрутизатор;"cisco 2801";130017751;FCZ1525C343;303130017751;Хранение;
СКЛАД;СКЛАД;;ИБП;SUA1500;130030273;AS1140241144;303130030273;Хранение;
СКЛАД;СКЛАД;;Монитор;"Samsung E 1720";130030454;0511HLPC300247N;303130030454;Хранение;
СКЛАД;СКЛАД;;Монитор;"Samsung E 1720";130030455;0511HLPC201219B;303130030455;Хранение;
СКЛАД;СКЛАД;;"Системный блок";"HP 6200";130029983;RUA21602WN;303130029983;Хранение;
СКЛАД;СКЛАД;;"Системный блок";"HP 6200";130029985;RUA21602ZF;303130029985;Хранение;
СКЛАД;СКЛАД;;"Системный блок";"HP 6200";130029987;RUA21602WR;303130029987;Хранение;
СКЛАД;СКЛАД;;"Системный блок";"HP 6200";130029982;RUA21602WC;303130029982;Хранение;
СКЛАД;СКЛАД;;"Web камера";Logitech;;;30*2*01781;Хранение;
СКЛАД;СКЛАД;;"Web камера";Logitech;;;30*2*01782;Хранение;
СКЛАД;СКЛАД;;"Web камера";Logitech;;;30*2*01783;Хранение;
СКЛАД;СКЛАД;;"Web камера";Logitech;;;30*2*01780;Хранение;
СКЛАД;СКЛАД;;"Web камера";Logitech;;;30*2*01779;Хранение;
СКЛАД;СКЛАД;;МФУ;"Ricoh MP201";140018703;W3028715765;304140018703;Хранение;
СКЛАД;СКЛАД;;МФУ;"Ricoh MP201";140018708;W3028710348;304140018708;Хранение;
СКЛАД;СКЛАД;;МФУ;"Ricoh MP201";140018705;W3028711087;304140018705;Хранение;
СКЛАД;СКЛАД;;МФУ;"Ricoh MP201";140018707;W3028711085;304140018707;Хранение;
СКЛАД;СКЛАД;;МФУ;"Ricoh MP201";140018704;W3028711086;304140018704;Хранение;
СКЛАД;СКЛАД;;МФУ;"Ricoh MP201";140018706;W3028711081;304140018706;Хранение;
СКЛАД;СКЛАД;;АТС;"OfficeServ 7070";140019724;;304140019724;Хранение;
СКЛАД;СКЛАД;;Маршрутизатор;"cisco 2800";;;;Хранение;
СКЛАД;СКЛАД;;Коммутатор;"Cisco 2960";;;;Хранение;
СКЛАД;СКЛАД;;ИБП;SUA1500;;;;Хранение;
СКЛАД;СКЛАД;;МФУ;"Ricoh 3500";140023848;T322Q601768;304140023848;Хранение;
СКЛАД;СКЛАД;;"Web камера";Logitech;;;30*2*01728;Хранение;
СКЛАД;СКЛАД;;МФУ;"Ricoh 3500";140023849;T322Q601764;304140023849;Ремонт;
СКЛАД;СКЛАД;;МФУ;"Ricoh 3500";140023846;T322Q601771;304140023846;Хранение;
СКЛАД;СКЛАД;;МФУ;"Ricoh 3500";140023845;T322Q601769;304140023845;Ремонт;
СКЛАД;СКЛАД;;Монитор;"Samsung S22A";130038468;1950HLPC700031T;303130038468;Хранение;
СКЛАД;СКЛАД;;Ноутбук;"HP 650";130037595;5CB228083V;303130037595;Хранение;
СКЛАД;СКЛАД;;Ноутбук;"HP 650";130037596;5CB2280838;303130037596;Хранение;
СКЛАД;СКЛАД;;Ноутбук;"HP 650";130037597;5CB2280851;303130037597;Ремонт;
СКЛАД;СКЛАД;;Ноутбук;"HP 4340";130037714;2CE2341N92;303130037714;Хранение;
СКЛАД;СКЛАД;;Ноутбук;"HP 4340";130037716;2CE2341NBV;303130037716;Хранение;
СКЛАД;СКЛАД;;"Web камера";Logitech;;;30*2*01711;Хранение;
СКЛАД;СКЛАД;;"Web камера";Logitech;;;30*2*01735;Хранение;
СКЛАД;СКЛАД;;Ноутбук;"HP 630";130026011;5CB1203V49;303130026011;Хранение;
СКЛАД;СКЛАД;;Ноутбук;"HP 4520";130014442;2CE12201PS;303130014442;Ремонт;
СКЛАД;СКЛАД;;"Web камера";Logitech;;;30*2*01389;Хранение;
СКЛАД;СКЛАД;;"Системный блок";"HP 6200";130039448;CZC2371JJW;303130039448;Хранение;
СКЛАД;СКЛАД;;"Системный блок";"HP 6200";130039449;CZC2371JFP;303130039449;Хранение;
СКЛАД;СКЛАД;;"Web камера";Logitech;;;30*2*01738;Хранение;
СКЛАД;СКЛАД;;Концентратор;3COM;;;30*2*00452;Хранение;
СКЛАД;СКЛАД;;Монитор;"HP L1706";;cnc642qh2j;;;
СКЛАД;СКЛАД;;"Web камера";Logitech;;;30*2*01742;Хранение;
СКЛАД;СКЛАД;;"Системный блок";"HP dc7600";124359;CZC64126LT;30*1*00792;Списание;
СКЛАД;СКЛАД;;"Системный блок";"HP dc7600";141386;CZC70927JX;30*1*01003;Списание;
СКЛАД;СКЛАД;;"Системный блок";"HP dc7600";123116;CZC6343F60;30*1*00644;Списание;
СКЛАД;СКЛАД;;Монитор;"HP L1706";139858;CNC642QH5F;30*1*00981;Списание;
СКЛАД;СКЛАД;;"Системный блок";"HP 6200";130032132;RUA21602WV;303130032132;Хранение;
СКЛАД;СКЛАД;;"Системный блок";"HP 6200";130032133;RUA21602WZ;303130032133;Хранение;
СКЛАД;СКЛАД;;"Системный блок";"HP 6200";130032135;RUA21602WX;303130032135;Хранение;
СКЛАД;СКЛАД;;"Web камера";Logitech;;;"30*2*01748 ";Хранение;
СКЛАД;СКЛАД;;"Web камера";Logitech;;;30*2*01747;Хранение;
СКЛАД;СКЛАД;;"Web камера";Logitech;;;30*2*01739;Хранение;
СКЛАД;СКЛАД;;Монитор;"Samsung E 1720";130034088;0511HLPC300101L;303130034088;Хранение;
СКЛАД;СКЛАД;;Монитор;"Samsung E 1720";130034089;0511HLPC201218T;303130034089;Хранение;
СКЛАД;СКЛАД;;Монитор;"Samsung E 1720";130034090;0511HLPC300103B;303130034090;Хранение;
СКЛАД;СКЛАД;;Монитор;"Samsung E 1720";130034091;0511HLPC202481B;303130034091;Хранение;
СКЛАД;СКЛАД;;Монитор;"Samsung E 1720";130034092;0511HLPC202606A;303130034092;Хранение;
СКЛАД;СКЛАД;;МФУ;"Ricoh MP201";140021534;W3028504322;304140021534;Хранение;
СКЛАД;СКЛАД;;МФУ;"Ricoh MP201";140021535;W3028504358;304140021535;Хранение;
СКЛАД;СКЛАД;;"Web камера";Logitech;;;30*2*01737;;
СКЛАД;СКЛАД;;"Web камера";Logitech;;;30*2*01394;Хранение;
СКЛАД;СКЛАД;;МФУ;"Ricoh MP201";140033703;W3029304175;304140033703;Хранение;
СКЛАД;СКЛАД;;"Web камера";Logitech;;;30*2*01750;Хранение;
СКЛАД;СКЛАД;;"Системный блок";"HP 6300";130079649;RUA30702Q6;303130079649;Хранение;
СКЛАД;СКЛАД;;МФУ;"Ricoh 3500";140033886;T322Q200441;304140033886;Ремонт;
СКЛАД;СКЛАД;;Монитор;"Samsung E 1720";130079261;0511HLPCB01929;303130079261;Хранение;
СКЛАД;СКЛАД;;"Системный блок";"HP dc7700";130005328;CZC74327QK;30*1*01758;Хранение;
СКЛАД;СКЛАД;;"Web камера";Logitech;;;30*2*01749;Хранение;
СКЛАД;СКЛАД;;"Web камера";Logitech;;;30*2*01751;Хранение;
СКЛАД;СКЛАД;;Нетбук;"Acer Aspire one 725";130077599;NUSGPER0072241020F7600;303130077599;Хранение;
СКЛАД;СКЛАД;;Нетбук;"Acer Aspire one 725";130077598;NUSGPER0072241D3F77600;303130077598;Хранение;
СКЛАД;СКЛАД;;Нетбук;"Acer Aspire one 725";130077600;NUSGPER0072241D79A7600;303130077600;Хранение;
СКЛАД;СКЛАД;;Нетбук;"Acer Aspire one 725";130077596;NUSGPER0072241D75D7600;303130077596;Хранение;
СКЛАД;СКЛАД;;Нетбук;"Acer Aspire one 725";130077597;NUSGPER0072241D7627600;303130077597;Хранение;
СКЛАД;СКЛАД;;Принтер;"HP Officejet CN 551A";130077681;MY274820JP05JG;303130077681;Хранение;
СКЛАД;СКЛАД;;Принтер;"HP Officejet CN 551A";130077684;"MY27E810M805JG ";303130077684;Хранение;
СКЛАД;СКЛАД;;Принтер;"HP Officejet CN 551A";130077683;MY27E810N405JG;303130077683;Хранение;
СКЛАД;СКЛАД;;Принтер;"HP Officejet CN 551A";130077682;MY27C811QX05JG;303130077682;Хранение;
СКЛАД;СКЛАД;;Принтер;"HP Officejet CN 551A";130077685;MY275821WT05JG;303130077685;Хранение;
СКЛАД;СКЛАД;;"Web камера";Logitech;;;30*2*01758;Хранение;
СКЛАД;СКЛАД;;"Web камера";Logitech;;;30*2*01756;Хранение;
СКЛАД;СКЛАД;;"Web камера";Logitech;;;30*2*01757;Хранение;
СКЛАД;СКЛАД;;"Системный блок";"HP dc7800";130007333;CZC8326LDP;30*1*01631;Ремонт;
СКЛАД;СКЛАД;;Монитор;"HP L1706";123254;CNN6281MTR;30*1*00739;Списание;
СКЛАД;СКЛАД;;"Web камера";Logitech;;;30*1*01184;Хранение;
СКЛАД;СКЛАД;;МФУ;"Ricoh 3500";140035225;T323Q100331;304140035225;Ремонт;
СКЛАД;СКЛАД;;МФУ;"Ricoh 3500";140035226;T322Q701934;304140035226;Ремонт;
СКЛАД;СКЛАД;;"Системный блок";"HP dc7700";163265;HUB7411J08;30*1*01491;Хранение;
СКЛАД;СКЛАД;;Маршрутизатор;"cisco 2901";130081315;FCZ165193GW;303130081315;Хранение;
СКЛАД;СКЛАД;;МФУ;"Ricoh 3500";140036057;T323Q200812;304140036057;Ремонт;
СКЛАД;СКЛАД;;МФУ;"Ricoh 3500";140036229;T323Q200214;304140036229;Хранение;
СКЛАД;СКЛАД;;"Системный блок";"HP 6200";130035404;RUA215026W;303130035404;Хранение;
СКЛАД;СКЛАД;;"Системный блок";"HP 6200";130035412;RUA215023T;303130035412;Хранение;
СКЛАД;СКЛАД;;"Системный блок";"HP 6200";130035414;RUA215026V;303130035414;Хранение;
СКЛАД;СКЛАД;;"Системный блок";"HP 6200";130035415;RUA215026T;303130035415;Хранение;
СКЛАД;СКЛАД;;Монитор;"Samsung E 1720";130036273     ;0511HLPCA08018L;303130036273          ;Хранение;
СКЛАД;СКЛАД;;Монитор;"Samsung E 1720";130036274     ;0511HLPCA07987E;303130036274          ;Хранение;
СКЛАД;СКЛАД;;Монитор;"Samsung E 1720";130036275     ;0511HLPCA07994Y;303130036275          ;Хранение;
СКЛАД;СКЛАД;;Монитор;"Samsung E 1720";130036276     ;0511HLPCA07945B;303130036276          ;Хранение;
СКЛАД;СКЛАД;;Монитор;"Samsung E 1720";130036277     ;0511HLPCA07978J;303130036277          ;Хранение;
СКЛАД;СКЛАД;;Монитор;"Samsung E 1720";130036278     ;0511HLPCA07998X;303130036278          ;Хранение;
СКЛАД;СКЛАД;;МФУ;"Ricoh MP201";140023374;W3029504897;304140023374;Хранение;
СКЛАД;СКЛАД;;МФУ;"Ricoh MP201";140023375;W3029504022;304140023375;Хранение;
СКЛАД;СКЛАД;;МФУ;"Ricoh MP201";140023376;W3029504021;304140023376;Хранение;
СКЛАД;СКЛАД;;МФУ;"Ricoh MP201";140023377;W3029504774;304140023377;Хранение;
СКЛАД;СКЛАД;;МФУ;"Ricoh MP201";140023378;W3029310809;304140023378;Хранение;
СКЛАД;СКЛАД;;МФУ;"Ricoh MP201";140023379;W3029504895;304140023379;Хранение;
СКЛАД;СКЛАД;;МФУ;"Ricoh MP201";140023380;W3029310807;304140023380;Хранение;
СКЛАД;СКЛАД;;"Web камера";Logitech;;;30*2*01761;Хранение;
СКЛАД;СКЛАД;;"Web камера";Logitech;;;30*2*01743;Хранение;
СКЛАД;СКЛАД;;"Web камера";Logitech;;;30*3*02053;Хранение;
СКЛАД;СКЛАД;;Коммутатор;"Cisco 2960";;FCQ1646Y47R;;Хранение;
СКЛАД;СКЛАД;;Маршрутизатор;"cisco 2801";139586;FCZ1042143T;30*1*01151;Хранение;
СКЛАД;СКЛАД;;Монитор;"Samsung E 1720";130036291;0511HLPCA07871E;13130036291;Хранение;
СКЛАД;СКЛАД;;Монитор;"Samsung E 1720";130036292;0511HLPCA08010E;13130036292;Хранение;
СКЛАД;СКЛАД;;Монитор;"Samsung E 1720";130036294;0511HLPCA07966M;13130036294;Хранение;
СКЛАД;СКЛАД;;Монитор;"Samsung E 1720";130036295;0511HLPCA07967W;13130036295;Хранение;
СКЛАД;СКЛАД;;Монитор;"Samsung E 1720";130036296;0511HLPCA07862J;13130036296;Хранение;
СКЛАД;СКЛАД;;Монитор;"Samsung E 1720";130036297;0511HLPCA07995A;13130036297;Хранение;
СКЛАД;СКЛАД;;МФУ;"Ricoh MP201";140023395;W3029504794;304140023395;Хранение;
СКЛАД;СКЛАД;;МФУ;"Ricoh MP201";140023397;W3029504795;14140023397;Хранение;
СКЛАД;СКЛАД;;МФУ;"Ricoh MP201";140023398;W3029502827;304140023398;Хранение;
СКЛАД;СКЛАД;;МФУ;"Ricoh MP201";140023399;W3029310802;14140023399;Хранение;
СКЛАД;СКЛАД;;ИБП;SUA1500;130077162;AS1220244963;13130077162;Хранение;
СКЛАД;СКЛАД;;Коммутатор;"Cisco 2960";;FCQ1705X1HW;;Хранение;
СКЛАД;СКЛАД;;Маршрутизатор;"cisco 2901";130081353;FCZ165193J6;13130081353;Хранение;
СКЛАД;СКЛАД;;АТС;"OfficeServ 7070";140032308;S2JC915766X;304140032308;Хранение;
СКЛАД;СКЛАД;;Монитор;"Samsung E 1720";130085309;0511HLPCA07028L;13130085309;Хранение;
СКЛАД;СКЛАД;;Ноутбук;"HP 650";130078362;5CB31014DC;303130078362;Хранение;
СКЛАД;СКЛАД;;МФУ;"Ricoh 3500";140037720;T323Q300398;14140037720;Хранение;
СКЛАД;СКЛАД;;МФУ;"Xerox 4118";132500;3567607681;30*1*00890;Списание;
СКЛАД;СКЛАД;;Нетбук;"Lenovo tape Е 330";130091137;PK0VMN7;303130091137;Хранение;
СКЛАД;СКЛАД;;Нетбук;"Lenovo tape Е 330";130091138;PK0VMMN;303130091138;Хранение;
СКЛАД;СКЛАД;;Ноутбук;"HP 650";130082896;5СВ303010Z;303130082896;Хранение;
СКЛАД;СКЛАД;;МФУ;"Ricoh 3500";140040445;T323Q800410;304140040445;Хранение;
СКЛАД;СКЛАД;;Планшет;"ATIV Smart PC Pro XE700T1C-K03RU";130091532;JJMS91JDA00080;303130091532;Хранение;
СКЛАД;СКЛАД;;Планшет;"ATIV Smart PC Pro XE700T1C-K03RU";130091535;JJMS91JDA00188;303130091535;Хранение;
СКЛАД;СКЛАД;;Планшет;"ATIV Smart PC Pro XE700T1C-K03RU";130091537;JJMS91JDA00215;303130091537;Хранение;
СКЛАД;СКЛАД;;Планшет;"ATIV Smart PC Pro XE700T1C-K03RU";130091538;JJMS91JDA00222;303130091538;Хранение;
СКЛАД;СКЛАД;;"Системный блок";"HP 6300";130087082;RUA326067W ;303130087082;Хранение;
СКЛАД;СКЛАД;;"Системный блок";"HP 6300";130087083;RUA326067Y;303130087083;Хранение;
СКЛАД;СКЛАД;;ИБП;SUA1500;140001883;;304140001883;Хранение;
СКЛАД;СКЛАД;;"Web камера";Logitech;;;30*3*01993;Хранение;
СКЛАД;СКЛАД;;МФУ;"Ricoh 3500";;T323Q500969;;Хранение;
СКЛАД;СКЛАД;;"Web камера";Logitech;;;30*3*02016;Хранение;
СКЛАД;СКЛАД;;"Системный блок";"HP 6300";130081146;RUA30701ZQ;303130081146;Хранение;
СКЛАД;СКЛАД;;Свич;"HP 1810-8";;CN2BFRQ84W;;Хранение;
СКЛАД;СКЛАД;;Свич;"HP 1810-8";;CN2BFRQ7CG;;Хранение;
СКЛАД;СКЛАД;;Ноутбук;"HP 6110";122141;CNU61127FV;30*1*00634;Списание;
СКЛАД;СКЛАД;;ИБП;SUA1500;130027065;;;Хранение;
СКЛАД;СКЛАД;;ИБП;SUA1500;;;;Хранение;
СКЛАД;СКЛАД;;"Web камера";Logitech;;;30*2*01429;Хранение;
СКЛАД;СКЛАД;;ИБП;SUA1500;139694;AS0647232396;;Хранение;
СКЛАД;СКЛАД;;ИБП;SUA1500;;AS1130232492;;Хранение;
СКЛАД;СКЛАД;;"Web камера";Logitech;;;30*2*01601;Хранение;
СКЛАД;СКЛАД;;Маршрутизатор;"cisco 2800";130017689;;;Хранение;
СКЛАД;СКЛАД;;Коммутатор;"Cisco 2960";130018368;;;Хранение;
СКЛАД;СКЛАД;;Маршрутизатор;"cisco 2800";;;;Хранение;
СКЛАД;СКЛАД;;Коммутатор;"Cisco 2960";;;;Хранение;
СКЛАД;СКЛАД;;Принтер;"HP 1018";121836;CNC1F18520;05*1*00664;Списание;
СКЛАД;СКЛАД;;Ноутбук;"HP 430 ";130090121;2CE3300M2X;303130090121;Хранение;
СКЛАД;СКЛАД;;Монитор;"Samsung E 1720";130085826;0511HLPCB04271M;303130085826;Хранение;
СКЛАД;СКЛАД;;"Системный блок";"HP 6300";130086974;RUA32303PK;303130086974;Хранение;
СКЛАД;СКЛАД;;"Системный блок";"HP 6200";130034311;RUA23003L6;303130034311;Хранение;
СКЛАД;СКЛАД;;ИБП;SUA1500;130013808;AS1043243638;303130013808;Хранение;
СКЛАД;СКЛАД;;Маршрутизатор;"cisco 2800";130014344;FCZ1527C3EJ;303130014344;Хранение;
СКЛАД;СКЛАД;;Ноутбук;"HP 630";130032917;5CB2140HSH;303130032917;Хранение;
СКЛАД;СКЛАД;;Ноутбук;"HP 630";130032918;5CB2140HSM;303130032918;Хранение;
СКЛАД;СКЛАД;;Монитор;"Samsung E 1720";130036183;0511HLPC701477V;303130036183;Хранение;
СКЛАД;СКЛАД;;МФУ;"Samsung SCX 4623";140008060;Z2U1BFFB202637W;304140008060;Хранение;
СКЛАД;СКЛАД;;"Ноутбук ";"hp 7400";146242;CNU6510Q83;30*1*01084;Хранение;
СКЛАД;СКЛАД;;ИБП;SUA1500;130013792;;;Хранение;
СКЛАД;СКЛАД;;ИБП;SUA1000;130020313;;;Хранение;
СКЛАД;СКЛАД;;"Web камера";Logitech;;;30*2*11689;Хранение;
СКЛАД;СКЛАД;;ИБП;"APC 1000XL";130022815;;;Пользователь;
СКЛАД;СКЛАД;;ИБП;"APC 1000XL";130022842;;;Хранение;
СКЛАД;СКЛАД;;Монитор;"HP L1706";139851;CNC642QH8C;30*1*00974;Списание;
СКЛАД;СКЛАД;;Планшет;"ATIV Smart PC Pro XE700T1C-K03RU";130090783;HX8M91DD200336T;303130090783;Хранение;
СКЛАД;СКЛАД;;АТС;"Panasonic TDA 100";152922;;;Хранение;
СКЛАД;СКЛАД;;"Системный блок";"HP 4000";130014947;RUA12601V5;303130014947;Хранение;
СКЛАД;СКЛАД;;"Системный блок";"HP 4000";130014983;RUA12601VS;303130014983;Хранение;
СКЛАД;СКЛАД;;Маршрутизатор;"cisco 2800";130017884;FCZ1527C3FR;303130017844;Хранение;
СКЛАД;СКЛАД;;"Системный блок";"HP 6200";130029996;RUA21003LB;303130029996;Хранение;
СКЛАД;СКЛАД;;ИБП;SUA1500;130018877;AS1121131008;303130018877;Хранение;
СКЛАД;СКЛАД;;"Системный блок";"HP 6200";130029991;RUA21602W9;303130029991;Хранение;
СКЛАД;СКЛАД;;Монитор;"HP LE1711";130019056;3CQ126BKBN;303130019056;Хранение;
СКЛАД;СКЛАД;;Монитор;"HP L1710";130011000;CNC823NNRG;303130011000;Хранение;
СКЛАД;СКЛАД;;"Системный блок";"HP 4000";130021166;RUA14303XC;303130021166;Ремонт;
СКЛАД;СКЛАД;;"Системный блок";"HP 6200";130029852;RUA21504LZ;303130029852;Хранение;
СКЛАД;СКЛАД;;"Системный блок";"HP 6200";130039439;CZC2371JB4;303130039439;Хранение;
СКЛАД;СКЛАД;;"Системный блок";"HP 6300";130081119;RUA326037P;303130081119;Хранение;
СКЛАД;СКЛАД;;"Системный блок";"HP 6300";130081117;RUA32603F9;303130081117;Хранение;
СКЛАД;СКЛАД;;"Системный блок";"HP 6300";130078177;RUA30701TS;303130078177;Хранение;
СКЛАД;СКЛАД;;"Системный блок";"HP d530";005445;CZC3460YPY;30*1*00050;Списание;
СКЛАД;СКЛАД;;АТС;"OfficeServ 7070";140015762;;;Хранение;
СКЛАД;СКЛАД;;АТС;"Panasonic TDA 100";140002832 ;Б/н ;30*1*01801 ;Хранение;
СКЛАД;СКЛАД;;АТС;"Panasonic TDA 100";140002842; б/н;;Хранение;
СКЛАД;СКЛАД;;Монитор;"HP L1706";119286;CNT61000KD;30*1*00490;Списание;
СКЛАД;СКЛАД;;Нетбук;HP3100;130012335;CNC0492X44;303130012335;Хранение;
