Склад;;"Луганская ул., 59/4 М";M.Video;"HDD WD 500GB 3.5";-;Хранение;
Склад;;"Луганская ул., 59/4 М";M.Video;"HDD WD 500GB 3.5";-;Хранение;
Склад;;"Луганская ул., 59/4 М";M.Video;"HDD WD 500GB 3.5";-;Хранение;
Склад;;"Луганская ул., 59/4 М";M.Video;"HDD WD 500GB 3.5";-;Хранение;
Склад;;"Луганская ул., 59/4 М";M.Video;"HDD WD 500GB 3.5";-;Хранение;
Склад;;"Луганская ул., 59/4 М";M.Video;"HDD WD 500GB 3.5";-;Хранение;
Склад;;"Луганская ул., 59/4 М";M.Video;"Дисплей покупателя ШТРИХ-М";-;Хранение;"Поступило с Кургана"
Склад;;"Луганская ул., 59/4 М";M.Video;"Сканер CanoScan LiDE 300";-;Хранение;"Поступило с Кургана"
Склад;;"Луганская ул., 59/4 М";M.Video;"Дисплей покупателя POSUA";-;Хранение;"Поступило с Кургана"
Склад;;"Луганская ул., 59/4 М";M.Video;"HDD WD 500GB 3.5";-;Хранение;"Поступило с Кургана"
Склад;;"Луганская ул., 59/4 М";M.Video;АКБ;HR1234W;Хранение;"Поступило с Кургана"
Склад;;"Луганская ул., 59/4 М";M.Video;"Монитор AOC E2270SWDN 21.5";-;Хранение;"Поступило с Кургана"
Склад;;"Луганская ул., 59/4 М";M.Video;"Ручной сканер ШК ZEBRA DS2208 USB";-;Хранение;"Поступило с Кургана"
